timestamp_utc	decision	why	evidence	result
2026-09-01T09:14:00Z	Cache the typed-member JSON support fact on request-local Module	The production eval profile attributes 51% of macro execution and 2,808,538 calls to the recursive query; validation and emission inspect the same unchanged member inventory	Haxe -D eval-times at b9e7e4c8: typeUsesJsonTypesWithSeen 0.624/1.226 reported execution units, 2,808,538 calls	Implementation started; benchmark and semantic gates pending
2026-09-01T09:24:00Z	Keep the first optimization request-local and module-scoped	One cached Boolean removes duplicate complete member scans without inventing a reusable typed-AST identity or changing dependency projections	Matched production compile: 42.94s baseline versus 30.53s optimized; diff -rq found no differences across 220 generated files	Wall time improved 28.9% with exact TypeScript and source-map equality
2026-09-01T09:27:00Z	Stop this contract before dependency-level memoization	The optimized detailed profile halves the dominant recursive walk exactly; the remaining calls come from intentionally distinct dependency projections	-D eval-times: typeUsesJsonTypesWithSeen 2,808,538 -> 1,404,269 calls and 0.624 -> 0.306 reported units; profiled wall 52.76s -> 37.56s	Causality confirmed; broader memoization remains a separately measurable opportunity
2026-09-01T09:50:00Z	Accept the existing output owners as the semantic regression	The optimization changes query ownership, not JSON-shape recognition; exact snapshots and declaration consumers exercise the same direct and nested alias paths without test-only counters	Passed yarn test:genes-ts:snapshots, yarn test:classic:dts, and yarn test:output-quality; output-quality hashes ts-source:57:689d13da7917 and classic-source-and-declarations:120:b637963c4c78	TypeScript, classic declarations, maps, hashes, and structural budgets are green
2026-09-01T10:03:00Z	Treat the first compiler-server run as inconclusive host contention	The runner advanced through the request matrix but one warm child exceeded its fixed 60s timeout while several unrelated Haxe compilers each consumed about 40-47% CPU; it reported no output mismatch	Warm a-explicit-witness-int timed out after 60000ms with empty stdout/stderr; sampled process table showed four competing compiler processes	Do not weaken the timeout; rerun the unchanged gate when host contention falls
2026-09-01T20:35:00Z	Accept the unchanged compiler-server lifecycle contract	The isolated rerun completed every cold/warm profile, output override, typed witness, edit, project, rollback, capability, and cleanup case without changing the timeout	nice -n 10 yarn test:compiler-server passed with Haxe 4.3.7 in 143.32s	Warm request correctness and isolation are green on the rebased optimization
2026-09-01T20:35:00Z	Preserve the optimization exactly while rebasing the performance stack	The implementation must remain the reviewed request-local Module cache after the source-map prerequisite moved	git patch-id matched old 81388183 to rebased d92afdc4	No semantic or output change was introduced by the rebase
2026-09-01T21:20:00Z	Own stale-negative invalidation explicitly	A runtime-retained module can cache false before declaration reachability adds a same-module JsonValue payload	JsonCacheInvalidationProbe plus classic declaration output	With only usesJsonTypesCache reset removed, test:classic:dts fails: JSON cache invalidation probe reused a stale false result; restored source passes in 18.89s across TS 5.5/6/7
2026-09-01T21:27:23Z	Accept the review correction at the exact working tree	The documentation and fixture must preserve the cache lifecycle without broadening the optimization contract	yarn test:genes-ts; yarn test:classic:dts; yarn test:output-quality; yarn test:agent-guides; yarn test:agent-test-routing; yarn test:ci-gate-ownership; git diff --check	All applicable focused behavior, generated-output, documentation, routing, and ownership gates pass; output-quality retains the reviewed 57 TypeScript and 120 classic module corpus hashes
2026-09-02T16:10:00Z	Transplant only the three owned JSON-support commits onto merged main 52b28b17	PR 191 must target main directly after source-map buffering landed, without replaying the former stacked base	stable patch ids 732516cc 4708b435; 1ee14c3c 3d19a0ab; a0fd5ade 04e716ec	Conflict-free rebase; implementation, prior evidence, and invalidation fixture remained patch-identical
2026-09-02T16:25:00Z	Accept every exact focused owner on final main-based head b3f5d655	The request-local cache and stale-negative reset must preserve both profiles, declaration consumers, structural budgets, and cold/warm server isolation before publication	yarn test:genes-ts; yarn test:classic:dts; yarn test:output-quality; yarn test:compile-stage-report; yarn test:compiler-server; agent guide, routing, and CI-owner gates	All passed; TS fingerprint 689d13da7917 and classic/declarations b637963c4c78 remained exact; compiler-server covered profiles, overrides, witnesses, edits, projects, rollback, capability, and cleanup; contended elapsed times are not performance evidence
2026-09-04T04:16:00Z	Rebase the five owned commits onto security-fixed main ce15c6bb	Newly disclosed fast-uri and qs advisories blocked the mandatory gate and were resolved separately by genes-vrhn / PR 197	stable patch ids 732516cc, 1ee14c3c, a0fd5ade, b5c73e5f, and 500dea3d before and after rebase	Conflict-free rebase; compiler implementation, fixtures, and every prior audit decision remained patch-identical
